Z,Symbol,NUnpaired,MaxL,s,p,d,f,E_HF,E_DFT
1,H,1,0,1,0,0,0,-0.5,-0.445671
2,He,0,0,0,0,0,0,-2.86167999561,-2.834836
3,Li,1,0,1,0,0,0,-7.43272693073,-7.335195
4,Be,0,0,2,0,0,0,-14.5730231683,-14.447209
5,B,1,1,2,1,0,0,-24.5290607285,-24.344198
6,C,2,1,2,2,0,0,-37.688618963,-37.425749
7,N,3,1,2,3,0,0,-54.4009342085,-54.025016
8,O,2,1,2,4,0,0,-74.80939847,-74.473077
9,F,1,1,2,5,0,0,-99.4093493867,-99.099648
10,Ne,0,1,0,0,0,0,-128.547098109,-128.233481
11,Na,1,1,1,0,0,0,-161.858911617,-161.44006
12,Mg,0,1,2,0,0,0,-199.614636425,-199.139406
13,Al,1,1,2,1,0,0,-241.876707251,-241.315573
14,Si,2,1,2,2,0,0,-288.854362517,-288.198397
15,P,3,1,2,3,0,0,-340.718780975,-339.946219
16,S,2,1,2,4,0,0,-397.504895917,-396.716081
17,Cl,1,1,2,5,0,0,-459.482072393,-458.664179
18,Ar,0,1,0,0,0,0,-526.817512803,-525.946195
19,K,1,1,1,0,0,0,-599.164786767,-598.20059
20,Ca,0,1,2,0,0,0,-676.758185925,-675.742283
21,Sc,1,2,2,0,1,0,-759.735718041,-758.679275
22,Ti,2,2,2,0,2,0,-848.405996991,-847.277216
23,V,3,2,2,0,3,0,-942.884337738,-941.678904
24,Cr,6,2,1,0,5,0,-1043.35637629,-1042.030238
25,Mn,5,2,2,0,5,0,-1149.86625171,-1148.449372
26,Fe,4,2,2,0,6,0,-1262.4436654,-1261.093056
27,Co,3,2,2,0,7,0,-1381.41455298,-1380.091264
28,Ni,2,2,2,0,8,0,-1506.87090819,-1505.580197
29,Cu,1,2,1,0,10,0,-1638.96374218,-1637.785861
30,Zn,0,2,2,0,10,0,-1777.84811619,-1776.57385
31,Ga,1,2,2,1,10,0,-1923.26100961,-1921.846456
32,Ge,2,2,2,2,10,0,-2075.35973391,-2073.807332
33,As,3,2,2,3,10,0,-2234.23865428,-2232.534978
34,Se,2,2,2,4,10,0,-2399.8676117,-2398.11144
35,Br,1,2,2,5,10,0,-2572.44133316,-2570.6207
36,Kr,0,2,0,0,0,0,-2752.05497735,-2750.14794
37,Rb,1,2,1,0,0,0,-2938.35745426,-2936.337293
38,Sr,0,2,2,0,0,0,-3131.54568644,-3129.453161
39,Y,1,2,2,0,1,0,-3331.68416985,-3329.520604
40,Zr,2,2,2,0,2,0,-3538.99506487,-3536.737751
41,Nb,5,2,1,0,4,0,-3753.59772775,-3751.196175
42,Mo,6,2,1,0,5,0,-3975.54949953,-3973.013235
43,Tc,5,2,2,0,5,0,-4204.78873702,-4202.188857
44,Ru,4,2,1,0,7,0,-4441.53948783,-4438.981228
45,Rh,3,2,1,0,8,0,-4685.88170428,-4683.301031
46,Pd,0,2,0,0,10,0,-4937.92102407,-4935.368406
47,Ag,1,2,1,0,10,0,-5197.6984731,-5195.031215
48,Cd,0,2,2,0,10,0,-5465.13314253,-5462.390982
49,In,1,2,2,1,10,0,-5740.16915577,-5737.309064
50,Sn,2,2,2,2,10,0,-6022.93169531,-6019.953353
51,Sb,3,2,2,3,10,0,-6313.48532075,-6310.376268
52,Te,2,2,2,4,10,0,-6611.78405928,-6608.631413
53,I,1,2,2,5,10,0,-6917.98089626,-6914.773092
54,Xe,0,2,0,0,0,0,-7232.13836387,-7228.856107
55,Cs,1,2,1,0,0,0,-7553.93365766,-7550.55771
56,Ba,0,2,2,0,0,0,-7883.54382733,-7880.111578
57,La,1,2,2,0,1,0,-8221.0667026,-8217.57523
58,Ce,0,3,2,0,1,1,-8566.87268128,-8563.360285
59,Pr,3,3,2,0,0,3,-8921.18102813,-8917.664369
60,Nd,4,3,2,0,0,4,-9283.88294453,-9280.311037
61,Pm,5,3,2,0,0,5,-9655.09896927,-9651.484134
62,Sm,6,3,2,0,0,6,-10034.9525472,-10031.25909
63,Eu,7,3,2,0,0,7,-10423.5430217,-10419.710775
64,Gd,8,3,2,0,1,7,-10820.6612101,-10816.653877
65,Tb,5,3,2,0,0,9,-11226.5683738,-11222.941975
66,Dy,4,3,2,0,0,10,-11641.4525953,-11637.869664
67,Ho,3,3,2,0,0,11,-12065.2898028,-12061.770549
68,Er,2,3,2,0,0,12,-12498.1527833,-12494.718304
69,Tm,1,3,2,0,0,13,-12940.1744048,-12936.786494
70,Yb,0,3,2,0,0,14,-13391.4561931,-13388.048594
71,Lu,1,3,2,0,1,14,-13851.8080034,-13848.230375
72,Hf,2,3,2,0,2,14,-14321.2498119,-14317.49372
73,Ta,3,3,2,0,3,14,-14799.812598,-14795.884202
74,W,4,3,2,0,4,14,-15287.5463682,-15283.448822
75,Re,5,3,2,0,5,14,-15784.5331876,-15780.236024
76,Os,4,3,2,0,6,14,-16290.6485954,-16286.295408
77,Ir,3,3,2,0,7,14,-16806.1131497,-16801.677471
78,Pt,2,3,1,0,9,14,-17331.0699646,-17326.576377
79,Au,1,3,1,0,10,14,-17865.4000842,-17860.790943
80,Hg,0,3,2,0,10,14,-18408.9914949,-18404.27422
81,Tl,1,3,2,1,10,14,-18961.8248243,-18956.957627
82,Pb,2,3,2,2,10,14,-19524.0080381,-19518.993145
83,Bi,3,3,2,3,10,14,-20095.5864271,-20090.414449
84,Po,2,3,2,4,10,14,-20676.500915,-20671.256539
85,At,1,3,2,5,10,14,-21266.8817131,-21261.555215
86,Rn,0,3,0,0,0,0,-21866.7722409,-21861.346869
87,Fr,1,3,1,0,0,0,-22475.8587125,-22470.319655
88,Ra,0,3,2,0,0,0,-23094.3036664,-23088.688083
89,Ac,1,3,2,0,1,0,-23722.1920622,-23716.496952
90,Th,2,3,2,0,2,0,-24359.622444,-24353.832231
91,Pa,3,3,2,0,1,2,-25007.1098723,-25001.291382
92,U,4,3,2,0,1,3,-25664.3382676,-25658.417889
